<core:FragmentDefinition xmlns:unified="sap.ui.unified"
    xmlns="sap.m"
    xmlns:form="sap.ui.layout.form"
    xmlns:core="sap.ui.core"
    xmlns:mvc="sap.ui.core.mvc"
    xmlns:f="sap.f">
    <VBox
        id="request_form_header_box1" 
        backgroundDesign="Solid"
        class="roundedBox sapUiSmallMargin"
        rowGap="1rem">
        <OverflowToolbar height="3rem">
            <Title text="{i18n>req_form_header_title}" titleStyle="H3"/>
            <ToolbarSpacer />
            <!-- <Button type="Default" icon="sap-icon://print" /> -->
        </OverflowToolbar>
        <form:Form 
            id="req_header1"
            layout="ColumnLayout"
            editable="false" >
            <form:layout><form:ColumnLayout columnsL="2" columnsM="2" /></form:layout>
            <form:formContainers>
                <form:FormContainer >
                    <form:formElements>
                        <form:FormElement label="{i18n>req_purpose}">
                            <form:fields>
                                <Text text="{request>/req_header/purpose}" />
                            </form:fields>
                        </form:FormElement>
                        <form:FormElement label="{i18n>req_id}">
                            <form:fields>
                                <Text text="{request>/req_header/reqid}" />
                            </form:fields>
                        </form:FormElement>
                        <form:FormElement label="{i18n>req_tripstartdate}">
                            <form:fields>
                                <Text text="{request>/req_header/tripstartdate}" />
                            </form:fields>
                        </form:FormElement>
                        <form:FormElement label="{i18n>req_tripenddate}">
                            <form:fields>
                                <Text text="{request>/req_header/tripenddate}" />
                            </form:fields>
                        </form:FormElement>
                        <form:FormElement label="{i18n>req_eventstartdate}">
                            <form:fields>
                                <Text text="{request>/req_header/eventstartdate}" />
                            </form:fields>
                        </form:FormElement>
                        <form:FormElement label="{i18n>req_eventenddate}">
                            <form:fields>
                                <Text text="{request>/req_header/eventenddate}" />
                            </form:fields>
                        </form:FormElement>
                        <form:FormElement label="{i18n>req_location}">
                            <form:fields>
                                <Text text="{request>/req_header/location}" />
                            </form:fields>
                        </form:FormElement>
                        <form:FormElement label="{i18n>req_grptype}">
                            <form:fields>
                                <Text text="{request>/req_header/grptype}" />
                            </form:fields>
                        </form:FormElement>
                        <form:FormElement label="{i18n>req_transport}">
                            <form:fields>
                                <Text text="{request>/req_header/transport}" />
                            </form:fields>
                        </form:FormElement>
                        <form:FormElement label="{i18n>req_status}">
                            <form:fields>
                                <Text text="{request>/req_header/reqstatus}" />
                            </form:fields>
                        </form:FormElement>
                        <form:FormElement label="{i18n>req_cc}">
                            <form:fields>
                                <Text text="{request>/req_header/costcenter}"/>
                            </form:fields>
                        </form:FormElement>
                        <form:FormElement label="{i18n>req_acc}">
                            <form:fields>
                                <Text text="{request>/req_header/altcostcenter}" />
                            </form:fields>
                        </form:FormElement>
                        <form:FormElement label="{i18n>req_caa}">
                            <form:fields>
                                <Text text="{
                                            path: 'request>/req_header/cashadvamt',
                                            type: 'sap.ui.model.type.Float',
                                            formatOptions: {
                                                minFractionDigits: 2,
                                                maxFractionDigits: 2,
                                                groupingEnabled: true
                                            }}" 
                                        textDirection="RTL"></Text>
                            </form:fields>
                        </form:FormElement>
                        <form:FormElement label="{i18n>req_amt}">
                            <form:fields>
                                <Text text="{
                                            path: 'request>/req_header/reqamt',
                                            type: 'sap.ui.model.type.Float',
                                            formatOptions: {
                                                minFractionDigits: 2,
                                                maxFractionDigits: 2,
                                                groupingEnabled: true
                                            }}" 
                                        textDirection="RTL"></Text>
                            </form:fields>
                        </form:FormElement>
                        <form:FormElement label="{i18n>req_rtype}">
                            <form:fields>
                                <Text text="{request>/req_header/reqtype}" />
                            </form:fields>
                        </form:FormElement>
                        <form:FormElement label="{i18n>req_comment}">
                            <form:fields>
                                <Text text="{request>/req_header/comment}"/>
                            </form:fields>
                        </form:FormElement>
                        <form:FormElement label="{i18n>req_attach1}">
                            <form:fields>
                                <Text text="{request>/req_header/doc1}"/>
                            </form:fields>
                        </form:FormElement>
                        <form:FormElement label="{i18n>req_attach2}">
                            <form:fields>
                                <Text text="{request>/req_header/doc2}"/>
                            </form:fields>
                        </form:FormElement>
                    </form:formElements>
                </form:FormContainer>
            </form:formContainers>
        </form:Form>
    </VBox>
</core:FragmentDefinition>